id,name,created_at,updated_at
1,Mr. Regan Schumm V,2024-07-15 11:31:23,2024-07-15 11:31:23
2,Darrion Lang,2024-07-15 11:31:23,2024-07-15 11:31:23
3,Claude Koelpin,2024-07-15 11:31:23,2024-07-15 11:31:23
4,Ms. Shemar Hermiston,2024-07-15 11:31:23,2024-07-15 11:31:23
6,Ashtyn Renner,2024-07-15 11:31:23,2024-07-15 11:31:23
8,Ezra Hintz,2024-07-15 11:31:23,2024-07-15 11:31:23
9,Ms. Brianne Friesen,2024-07-15 11:31:23,2024-07-15 11:31:23
10,Laurence Adams,2024-07-15 11:31:23,2024-07-15 11:31:23
14,Prof. Izaiah Walker Sr.,2024-07-15 11:31:23,2024-07-15 11:31:23
16,Bell Grant,2024-07-15 11:31:23,2024-07-15 11:31:23
17,Elizabeth Frami,2024-07-15 11:31:23,2024-07-15 11:31:23
18,Mrs. Serena Bergnaum,2024-07-15 11:31:23,2024-07-15 11:31:23
19,Mellie Ondricka IV,2024-07-15 11:31:23,2024-07-15 11:31:23
21,Elvis Kassulke,2024-07-15 11:31:23,2024-07-15 11:31:23
23,Jammie Cole PhD,2024-07-15 11:31:23,2024-07-15 11:31:23
24,Prof. Lucile O'Kon,2024-07-15 11:31:23,2024-07-15 11:31:23
25,Unique Ullrich,2024-07-15 11:31:23,2024-07-15 11:31:23
27,Ford Johnson,2024-07-15 11:31:23,2024-07-15 11:31:23
28,Golden Sipes,2024-07-15 11:31:23,2024-07-15 11:31:23
30,Jany Wehner,2024-07-15 11:31:23,2024-07-15 11:31:23
34,Harrison Kunze,2024-07-15 11:31:24,2024-07-15 11:31:24
35,Jevon Torp I,2024-07-15 11:31:24,2024-07-15 11:31:24
38,Edgar Schiller IV,2024-07-15 11:31:24,2024-07-15 11:31:24
39,Mr. Benny Blanda II,2024-07-15 11:31:24,2024-07-15 11:31:24
41,Kenneth Bernier,2024-07-15 11:31:24,2024-07-15 11:31:24
42,Drake Lockman,2024-07-15 11:31:24,2024-07-15 11:31:24
43,Dr. Cortney Padberg Sr.,2024-07-15 11:31:24,2024-07-15 11:31:24
44,Sabina Cartwright,2024-07-15 11:31:24,2024-07-15 11:31:24
45,Bobby Walker,2024-07-15 11:31:24,2024-07-15 11:31:24
46,Ms. Katelynn Weissnat DDS,2024-07-15 11:31:24,2024-07-15 11:31:24
47,Rowland Becker,2024-07-15 11:31:24,2024-07-15 11:31:24
48,Cierra Hahn,2024-07-15 11:31:24,2024-07-15 11:31:24
50,Stacey Mayert,2024-07-15 11:31:24,2024-07-15 11:31:24
